{"model":"CohereLabs/command-a-plus-05-2026-w4a4","categories":["math","code","general","rag","safety","en","es","fr","ar","zh","ja"],"n_layers":32,"per_category_cov_mass":{"math":{"8":0.16624083512477084,"16":0.29172412988869034,"32":0.4743271546698866,"64":0.7214082030906758,"96":0.8899982700080737},"code":{"8":0.10891531015031505,"16":0.1979032361780186,"32":0.3555120518473827,"64":0.6162968203713883,"96":0.8322919480300636},"general":{"8":0.09960690165651562,"16":0.18438570300537754,"32":0.3424521941681183,"64":0.6172829753092524,"96":0.8377198513796231},"rag":{"8":0.09902075797925042,"16":0.18640161711053513,"32":0.340518893243684,"64":0.6134012533085493,"96":0.8357287155418582},"safety":{"8":0.11929418326660167,"16":0.21000141123882562,"32":0.3622047132118783,"64":0.6198533803673933,"96":0.837786303518579},"en":{"8":0.11949704184393603,"16":0.2064967553118125,"32":0.36110128389225077,"64":0.6249630613870135,"96":0.8411981803876097},"es":{"8":0.15249891739354074,"16":0.25212593609388245,"32":0.4094815994575109,"64":0.6607595522896829,"96":0.8560575581169253},"fr":{"8":0.1451617216043614,"16":0.24549150750628795,"32":0.40200406008465894,"64":0.654854203057125,"96":0.8565884067657682},"ar":{"8":0.171471313113985,"16":0.29131279894503936,"32":0.4451279787131522,"64":0.6837654591798953,"96":0.8672750304084768},"zh":{"8":0.15407042373637525,"16":0.25989704921103324,"32":0.42186997191881354,"64":0.6710101939480168,"96":0.8648791021262356},"ja":{"8":0.1249225393617777,"16":0.23189794603569366,"32":0.4062847956678712,"64":0.6669931211913303,"96":0.8674494607228348}},"cross_category_top64_jaccard":{"math|code":0.391,"math|general":0.376,"math|rag":0.376,"math|safety":0.362,"math|en":0.407,"math|es":0.333,"math|fr":0.347,"math|ar":0.32,"math|zh":0.376,"math|ja":0.306,"code|general":0.376,"code|rag":0.488,"code|safety":0.376,"code|en":0.391,"code|es":0.376,"code|fr":0.391,"code|ar":0.362,"code|zh":0.32,"code|ja":0.333,"general|rag":0.376,"general|safety":0.58,"general|en":0.488,"general|es":0.455,"general|fr":0.455,"general|ar":0.438,"general|zh":0.362,"general|ja":0.347,"rag|safety":0.407,"rag|en":0.407,"rag|es":0.391,"rag|fr":0.362,"rag|ar":0.391,"rag|zh":0.376,"rag|ja":0.376,"safety|en":0.662,"safety|es":0.506,"safety|fr":0.506,"safety|ar":0.506,"safety|zh":0.376,"safety|ja":0.376,"en|es":0.58,"en|fr":0.561,"en|ar":0.488,"en|zh":0.455,"en|ja":0.438,"es|fr":0.73,"es|ar":0.524,"es|zh":0.438,"es|ja":0.407,"fr|ar":0.506,"fr|zh":0.438,"fr|ja":0.347,"ar|zh":0.455,"ar|ja":0.455,"zh|ja":0.542},"capture_errs":0}